seed,result,tides_completed,final_weave,max_weave,invaders_killed,natives_killed,heart_damage_events,peak_corruption,total_corruption_at_end,total_presence_at_end,sacrifices,total_fear_generated,export_string
42,Weathered,6,13,20,21,0,3,0,0,8,0,43,"SEED:42|0:PlayTop:root_009:-|1:SelectTarget:-:M1|2:PlayTop:root_002:-|3:SelectTarget:-:A1|4:PlayBottom:root_005:-|5:SelectTarget:-:A1|6:PlayTop:root_008:-|7:PlayTop:root_019:-|8:PlayBottom:root_025:-|9:SelectTarget:-:A2|10:PlayTop:root_004:-|11:PlayTop:root_015:-|12:SelectTarget:-:A1|13:PlayBottom:root_006:-|14:SelectTarget:-:A1|15:Rest:-:A1|16:PlayTop:root_019:-|17:PlayTop:root_003:-|18:PlayBottom:root_009:-|19:SelectTarget:-:A1|20:PlayTop:root_004:-|21:PlayTop:root_005:-|22:PlayBottom:root_001:-|23:SelectTarget:-:A1|24:PlayTop:root_007:-|25:PlayTop:root_015:-|26:SelectTarget:-:A1|27:PlayBottom:root_008:-|28:PlayTop:root_025:-|29:PlayTop:root_002:-|30:SkipPhase:-:-|31:PlayTop:root_006:-|32:SkipPhase:-:-"
43,Clean,6,10,20,23,0,5,0,0,8,0,35,"SEED:43|0:PlayTop:root_009:-|1:SelectTarget:-:M1|2:PlayTop:root_005:-|3:PlayBottom:root_003:-|4:PlayTop:root_025:-|5:SelectTarget:-:A1|6:PlayTop:root_007:-|7:PlayBottom:root_002:-|8:SelectTarget:-:A3|9:PlayTop:root_008:-|10:PlayTop:root_004:-|11:PlayBottom:root_006:-|12:SelectTarget:-:A1|13:Rest:-:A1|14:PlayTop:root_019:-|15:PlayTop:root_015:-|16:SelectTarget:-:A1|17:PlayBottom:root_001:-|18:SelectTarget:-:A1|19:PlayTop:root_005:-|20:PlayTop:root_007:-|21:PlayBottom:root_009:-|22:SelectTarget:-:M1|23:PlayTop:root_025:-|24:SelectTarget:-:A1|25:PlayTop:root_003:-|26:PlayBottom:root_002:-|27:SelectTarget:-:A2|28:PlayTop:root_008:-|29:PlayTop:root_004:-|30:SkipPhase:-:-|31:PlayTop:root_006:-|32:SkipPhase:-:-"
44,Clean,6,15,20,23,0,2,8,0,10,0,42,"SEED:44|0:PlayTop:root_009:-|1:SelectTarget:-:M1|2:PlayTop:root_006:-|3:SelectTarget:-:A1|4:PlayBottom:root_019:-|5:SelectTarget:-:A1|6:PlayTop:root_008:-|7:PlayTop:root_004:-|8:PlayBottom:root_015:-|9:SelectTarget:-:A1|10:PlayTop:root_005:-|11:PlayTop:root_025:-|12:SelectTarget:-:A3|13:PlayBottom:root_001:-|14:SelectTarget:-:A3|15:Rest:-:A1|16:PlayTop:root_003:-|17:PlayTop:root_002:-|18:SelectTarget:-:A2|19:PlayBottom:root_007:-|20:PlayTop:root_005:-|21:PlayTop:root_009:-|22:SelectTarget:-:A3|23:PlayTop:root_008:-|24:PlayTop:root_019:-|25:PlayBottom:root_025:-|26:SelectTarget:-:A1|27:PlayTop:root_004:-|28:PlayTop:root_015:-|29:SkipPhase:-:-|30:PlayTop:root_001:-|31:PlayTop:root_006:-|32:SkipPhase:-:-"
45,Clean,6,20,20,23,0,0,7,0,11,0,41,"SEED:45|0:PlayTop:root_002:-|1:SelectTarget:-:M1|2:PlayTop:root_019:-|3:PlayBottom:root_005:-|4:SelectTarget:-:A1|5:PlayTop:root_003:-|6:PlayTop:root_001:-|7:SelectTarget:-:A1|8:PlayBottom:root_006:-|9:SelectTarget:-:A3|10:PlayTop:root_004:-|11:PlayTop:root_008:-|12:PlayBottom:root_025:-|13:SelectTarget:-:A2|14:Rest:-:A1|15:PlayTop:root_008:-|16:PlayTop:root_019:-|17:PlayBottom:root_009:-|18:SelectTarget:-:A1|19:PlayTop:root_007:-|20:PlayTop:root_015:-|21:SelectTarget:-:A1|22:PlayBottom:root_006:-|23:SelectTarget:-:A2|24:PlayTop:root_025:-|25:SelectTarget:-:A1|26:PlayTop:root_005:-|27:PlayBottom:root_002:-|28:SelectTarget:-:M1|29:PlayTop:root_004:-|30:PlayTop:root_001:-|31:SkipPhase:-:-|32:PlayTop:root_003:-|33:SkipPhase:-:-"
46,Clean,6,16,20,23,0,2,0,0,9,0,44,"SEED:46|0:PlayTop:root_004:-|1:PlayTop:root_019:-|2:PlayBottom:root_025:-|3:SelectTarget:-:A2|4:PlayTop:root_006:-|5:SelectTarget:-:A1|6:PlayTop:root_008:-|7:PlayBottom:root_009:-|8:SelectTarget:-:A1|9:PlayTop:root_005:-|10:PlayTop:root_015:-|11:SelectTarget:-:A1|12:PlayBottom:root_003:-|13:Rest:-:A1|14:PlayTop:root_019:-|15:PlayTop:root_001:-|16:SelectTarget:-:A1|17:PlayBottom:root_002:-|18:SelectTarget:-:A2|19:PlayTop:root_004:-|20:PlayTop:root_008:-|21:PlayBottom:root_005:-|22:SelectTarget:-:M1|23:PlayTop:root_025:-|24:SelectTarget:-:M2|25:PlayTop:root_007:-|26:PlayBottom:root_009:-|27:SelectTarget:-:A1|28:PlayTop:root_015:-|29:PlayTop:root_006:-|30:SkipPhase:-:-|31:PlayTop:root_003:-|32:SkipPhase:-:-"
47,Clean,6,20,20,23,0,0,0,0,10,0,47,"SEED:47|0:PlayTop:root_006:-|1:SelectTarget:-:M1|2:PlayTop:root_004:-|3:PlayBottom:root_007:-|4:PlayTop:root_019:-|5:PlayTop:root_005:-|6:PlayBottom:root_009:-|7:SelectTarget:-:A3|8:PlayTop:root_008:-|9:PlayTop:root_015:-|10:SelectTarget:-:A1|11:PlayBottom:root_002:-|12:SelectTarget:-:M2|13:Rest:-:A1|14:PlayTop:root_025:-|15:SelectTarget:-:I1|16:PlayTop:root_001:-|17:SelectTarget:-:A1|18:PlayBottom:root_006:-|19:SelectTarget:-:A2|20:PlayTop:root_019:-|21:PlayTop:root_008:-|22:PlayBottom:root_004:-|23:PlayTop:root_005:-|24:PlayTop:root_003:-|25:PlayBottom:root_009:-|26:SelectTarget:-:A1|27:PlayTop:root_007:-|28:PlayTop:root_015:-|29:SkipPhase:-:-|30:PlayTop:root_002:-|31:SkipPhase:-:-"
48,Clean,6,20,20,23,0,0,7,0,10,0,42,"SEED:48|0:PlayTop:root_009:-|1:SelectTarget:-:M1|2:PlayTop:root_019:-|3:PlayBottom:root_025:-|4:SelectTarget:-:A1|5:PlayTop:root_004:-|6:PlayTop:root_008:-|7:PlayBottom:root_006:-|8:SelectTarget:-:A3|9:PlayTop:root_005:-|10:PlayTop:root_015:-|11:SelectTarget:-:A1|12:PlayBottom:root_002:-|13:SelectTarget:-:A2|14:Rest:-:A1|15:PlayTop:root_019:-|16:PlayTop:root_003:-|17:PlayBottom:root_009:-|18:SelectTarget:-:I1|19:PlayTop:root_025:-|20:SelectTarget:-:A1|21:PlayTop:root_007:-|22:PlayBottom:root_001:-|23:SelectTarget:-:A1|24:PlayTop:root_005:-|25:PlayTop:root_015:-|26:SelectTarget:-:A1|27:PlayTop:root_004:-|28:SkipPhase:-:-|29:SkipPhase:-:-"
49,Clean,6,12,20,23,4,2,6,0,10,0,41,"SEED:49|0:PlayTop:root_004:-|1:PlayTop:root_003:-|2:PlayBottom:root_025:-|3:SelectTarget:-:A1|4:PlayTop:root_006:-|5:SelectTarget:-:A1|6:PlayTop:root_008:-|7:PlayBottom:root_009:-|8:SelectTarget:-:A2|9:PlayTop:root_005:-|10:PlayTop:root_019:-|11:PlayBottom:root_002:-|12:SelectTarget:-:A2|13:Rest:-:A1|14:PlayTop:root_005:-|15:PlayTop:root_025:-|16:SelectTarget:-:I1|17:PlayBottom:root_001:-|18:SelectTarget:-:A1|19:PlayTop:root_004:-|20:PlayTop:root_015:-|21:SelectTarget:-:A1|22:PlayBottom:root_007:-|23:PlayTop:root_003:-|24:PlayTop:root_006:-|25:SelectTarget:-:A3|26:PlayTop:root_008:-|27:PlayTop:root_019:-|28:SkipPhase:-:-|29:PlayTop:root_002:-|30:PlayTop:root_009:-|31:SkipPhase:-:-"
50,Clean,6,9,20,23,4,3,6,0,11,0,41,"SEED:50|0:PlayTop:root_006:-|1:SelectTarget:-:M1|2:PlayTop:root_008:-|3:PlayBottom:root_015:-|4:SelectTarget:-:M1|5:PlayTop:root_025:-|6:SelectTarget:-:A2|7:PlayTop:root_003:-|8:PlayBottom:root_009:-|9:SelectTarget:-:A1|10:PlayTop:root_005:-|11:PlayTop:root_004:-|12:PlayBottom:root_002:-|13:SelectTarget:-:M2|14:Rest:-:A1|15:PlayTop:root_019:-|16:PlayTop:root_007:-|17:PlayBottom:root_006:-|18:SelectTarget:-:A2|19:PlayTop:root_005:-|20:PlayTop:root_025:-|21:SelectTarget:-:A3|22:PlayBottom:root_001:-|23:SelectTarget:-:A1|24:PlayTop:root_008:-|25:PlayTop:root_003:-|26:PlayBottom:root_009:-|27:SelectTarget:-:A2|28:PlayTop:root_004:-|29:PlayTop:root_015:-|30:SkipPhase:-:-|31:PlayTop:root_002:-|32:SkipPhase:-:-"
51,Clean,6,20,20,23,0,0,0,0,9,0,40,"SEED:51|0:PlayTop:root_009:-|1:SelectTarget:-:M1|2:PlayTop:root_002:-|3:SelectTarget:-:A1|4:PlayBottom:root_005:-|5:SelectTarget:-:A1|6:PlayTop:root_019:-|7:PlayTop:root_004:-|8:PlayBottom:root_025:-|9:SelectTarget:-:A2|10:PlayTop:root_008:-|11:PlayTop:root_001:-|12:SelectTarget:-:A1|13:PlayBottom:root_006:-|14:SelectTarget:-:A1|15:Rest:-:A1|16:PlayTop:root_005:-|17:PlayTop:root_025:-|18:SelectTarget:-:I1|19:PlayBottom:root_007:-|20:PlayTop:root_004:-|21:PlayTop:root_019:-|22:PlayBottom:root_002:-|23:SelectTarget:-:A2|24:PlayTop:root_015:-|25:SelectTarget:-:A1|26:PlayTop:root_003:-|27:PlayBottom:root_009:-|28:SelectTarget:-:A1|29:PlayTop:root_001:-|30:PlayTop:root_008:-|31:SkipPhase:-:-|32:PlayTop:root_006:-|33:SkipPhase:-:-"
52,Clean,6,20,20,23,0,0,0,0,10,0,39,"SEED:52|0:PlayTop:root_002:-|1:SelectTarget:-:M1|2:PlayTop:root_006:-|3:SelectTarget:-:A1|4:PlayBottom:root_009:-|5:SelectTarget:-:A1|6:PlayTop:root_019:-|7:PlayTop:root_025:-|8:SelectTarget:-:A2|9:PlayBottom:root_015:-|10:SelectTarget:-:A1|11:PlayTop:root_008:-|12:PlayTop:root_004:-|13:PlayBottom:root_005:-|14:SelectTarget:-:I1|15:Rest:-:A1|16:PlayTop:root_025:-|17:SelectTarget:-:A1|18:PlayTop:root_001:-|19:SelectTarget:-:A1|20:PlayBottom:root_003:-|21:PlayTop:root_019:-|22:PlayTop:root_007:-|23:PlayBottom:root_006:-|24:SelectTarget:-:A2|25:PlayTop:root_004:-|26:PlayTop:root_015:-|27:SelectTarget:-:A1|28:PlayBottom:root_009:-|29:SelectTarget:-:A1|30:PlayTop:root_002:-|31:SkipPhase:-:-|32:SkipPhase:-:-"
53,Clean,6,20,20,23,4,0,6,0,8,0,66,"SEED:53|0:PlayTop:root_009:-|1:SelectTarget:-:M1|2:PlayTop:root_002:-|3:SelectTarget:-:A1|4:PlayBottom:root_005:-|5:SelectTarget:-:A1|6:PlayTop:root_019:-|7:PlayTop:root_008:-|8:PlayBottom:root_004:-|9:PlayTop:root_007:-|10:PlayTop:root_001:-|11:SelectTarget:-:A1|12:PlayBottom:root_006:-|13:SelectTarget:-:A1|14:Rest:-:A1|15:PlayTop:root_025:-|16:SelectTarget:-:M2|17:PlayTop:root_003:-|18:PlayBottom:root_008:-|19:PlayTop:root_019:-|20:PlayTop:root_015:-|21:SelectTarget:-:A1|22:PlayBottom:root_009:-|23:SelectTarget:-:M1|24:PlayTop:root_005:-|25:PlayTop:root_001:-|26:SelectTarget:-:A1|27:PlayBottom:root_006:-|28:SelectTarget:-:A2|29:PlayTop:root_004:-|30:PlayTop:root_007:-|31:SkipPhase:-:-|32:PlayTop:root_002:-|33:SkipPhase:-:-"
54,Clean,6,20,20,23,0,0,6,0,10,0,38,"SEED:54|0:PlayTop:root_006:-|1:SelectTarget:-:M1|2:PlayTop:root_019:-|3:PlayBottom:root_005:-|4:SelectTarget:-:A2|5:PlayTop:root_008:-|6:PlayTop:root_025:-|7:SelectTarget:-:A3|8:PlayBottom:root_009:-|9:SelectTarget:-:A2|10:PlayTop:root_004:-|11:PlayTop:root_001:-|12:SelectTarget:-:A1|13:PlayBottom:root_003:-|14:Rest:-:A1|15:PlayTop:root_015:-|16:SelectTarget:-:A1|17:PlayTop:root_007:-|18:PlayBottom:root_002:-|19:SelectTarget:-:A2|20:PlayTop:root_004:-|21:PlayTop:root_019:-|22:PlayBottom:root_025:-|23:SelectTarget:-:M1|24:PlayTop:root_005:-|25:PlayTop:root_006:-|26:SelectTarget:-:A3|27:PlayBottom:root_001:-|28:SelectTarget:-:A1|29:PlayTop:root_008:-|30:PlayTop:root_003:-|31:SkipPhase:-:-|32:PlayTop:root_009:-|33:SkipPhase:-:-"
55,Clean,6,20,20,23,0,0,0,0,11,0,42,"SEED:55|0:PlayTop:root_006:-|1:SelectTarget:-:M1|2:PlayTop:root_015:-|3:SelectTarget:-:M1|4:PlayBottom:root_025:-|5:SelectTarget:-:A1|6:PlayTop:root_005:-|7:PlayTop:root_004:-|8:PlayBottom:root_008:-|9:PlayTop:root_019:-|10:PlayTop:root_003:-|11:PlayBottom:root_009:-|12:SelectTarget:-:I1|13:Rest:-:A1|14:PlayTop:root_025:-|15:SelectTarget:-:A1|16:PlayTop:root_001:-|17:SelectTarget:-:A1|18:PlayBottom:root_002:-|19:SelectTarget:-:A2|20:PlayTop:root_007:-|21:PlayTop:root_015:-|22:SelectTarget:-:A1|23:PlayBottom:root_006:-|24:SelectTarget:-:A3|25:PlayTop:root_005:-|26:PlayTop:root_019:-|27:PlayBottom:root_008:-|28:PlayTop:root_004:-|29:PlayTop:root_003:-|30:SkipPhase:-:-|31:PlayTop:root_009:-|32:SkipPhase:-:-"
56,Clean,6,20,20,23,0,0,0,0,11,0,39,"SEED:56|0:PlayTop:root_019:-|1:PlayTop:root_005:-|2:PlayBottom:root_025:-|3:SelectTarget:-:A1|4:PlayTop:root_006:-|5:SelectTarget:-:A1|6:PlayTop:root_004:-|7:PlayBottom:root_008:-|8:PlayTop:root_003:-|9:PlayTop:root_015:-|10:SelectTarget:-:A1|11:PlayBottom:root_009:-|12:SelectTarget:-:I1|13:Rest:-:A1|14:PlayTop:root_025:-|15:SelectTarget:-:A2|16:PlayTop:root_004:-|17:PlayBottom:root_002:-|18:SelectTarget:-:A2|19:PlayTop:root_019:-|20:PlayTop:root_007:-|21:PlayBottom:root_006:-|22:SelectTarget:-:A3|23:PlayTop:root_001:-|24:SelectTarget:-:A1|25:PlayTop:root_003:-|26:PlayBottom:root_015:-|27:SelectTarget:-:A1|28:PlayTop:root_008:-|29:PlayTop:root_005:-|30:SkipPhase:-:-|31:PlayTop:root_009:-|32:SkipPhase:-:-"
57,Weathered,6,20,20,22,0,1,6,0,9,0,36,"SEED:57|0:PlayTop:root_006:-|1:SelectTarget:-:M1|2:PlayTop:root_019:-|3:PlayBottom:root_025:-|4:SelectTarget:-:A2|5:PlayTop:root_008:-|6:PlayTop:root_007:-|7:PlayBottom:root_009:-|8:SelectTarget:-:A3|9:PlayTop:root_005:-|10:PlayTop:root_004:-|11:PlayBottom:root_003:-|12:Rest:-:A1|13:PlayTop:root_005:-|14:PlayTop:root_001:-|15:SelectTarget:-:A1|16:PlayBottom:root_002:-|17:SelectTarget:-:A2|18:PlayTop:root_019:-|19:PlayTop:root_008:-|20:PlayBottom:root_009:-|21:SelectTarget:-:M1|22:PlayTop:root_004:-|23:PlayTop:root_025:-|24:SelectTarget:-:I1|25:PlayBottom:root_006:-|26:SelectTarget:-:A3|27:PlayTop:root_015:-|28:PlayTop:root_007:-|29:SkipPhase:-:-|30:PlayTop:root_003:-|31:SkipPhase:-:-"
58,Clean,6,20,20,23,0,0,8,0,10,0,39,"SEED:58|0:PlayTop:root_009:-|1:SelectTarget:-:M1|2:PlayTop:root_004:-|3:PlayBottom:root_025:-|4:SelectTarget:-:A1|5:PlayTop:root_001:-|6:SelectTarget:-:A1|7:PlayTop:root_015:-|8:SelectTarget:-:A1|9:PlayBottom:root_002:-|10:SelectTarget:-:A3|11:PlayTop:root_019:-|12:PlayTop:root_008:-|13:PlayBottom:root_003:-|14:Rest:-:A1|15:PlayTop:root_005:-|16:PlayTop:root_019:-|17:PlayBottom:root_006:-|18:SelectTarget:-:A2|19:PlayTop:root_004:-|20:PlayTop:root_007:-|21:PlayBottom:root_009:-|22:SelectTarget:-:M1|23:PlayTop:root_025:-|24:SelectTarget:-:A2|25:PlayTop:root_015:-|26:SelectTarget:-:A1|27:PlayBottom:root_002:-|28:SelectTarget:-:A3|29:PlayTop:root_001:-|30:SkipPhase:-:-|31:SkipPhase:-:-"
59,Weathered,6,11,20,22,4,3,6,0,10,0,42,"SEED:59|0:PlayTop:root_002:-|1:SelectTarget:-:M1|2:PlayTop:root_019:-|3:PlayBottom:root_007:-|4:PlayTop:root_008:-|5:PlayTop:root_025:-|6:SelectTarget:-:A1|7:PlayBottom:root_001:-|8:SelectTarget:-:A1|9:PlayTop:root_005:-|10:PlayTop:root_004:-|11:PlayBottom:root_009:-|12:SelectTarget:-:I1|13:Rest:-:A1|14:PlayTop:root_003:-|15:PlayTop:root_015:-|16:SelectTarget:-:A1|17:PlayBottom:root_006:-|18:SelectTarget:-:A2|19:PlayTop:root_008:-|20:PlayTop:root_005:-|21:PlayBottom:root_009:-|22:SelectTarget:-:M1|23:PlayTop:root_004:-|24:PlayTop:root_019:-|25:PlayBottom:root_007:-|26:PlayTop:root_025:-|27:PlayTop:root_001:-|28:SkipPhase:-:-|29:PlayTop:root_002:-|30:SkipPhase:-:-"
60,Clean,6,20,20,23,0,0,0,0,11,0,37,"SEED:60|0:PlayTop:root_005:-|1:PlayTop:root_008:-|2:PlayBottom:root_004:-|3:PlayTop:root_025:-|4:SelectTarget:-:A2|5:PlayTop:root_001:-|6:SelectTarget:-:A1|7:PlayBottom:root_003:-|8:PlayTop:root_002:-|9:SelectTarget:-:A1|10:PlayTop:root_019:-|11:PlayBottom:root_009:-|12:SelectTarget:-:I1|13:Rest:-:A1|14:PlayTop:root_019:-|15:PlayTop:root_007:-|16:PlayBottom:root_006:-|17:SelectTarget:-:A2|18:PlayTop:root_005:-|19:PlayTop:root_015:-|20:SelectTarget:-:A1|21:PlayBottom:root_001:-|22:SelectTarget:-:A1|23:PlayTop:root_002:-|24:SelectTarget:-:A3|25:PlayTop:root_008:-|26:PlayBottom:root_009:-|27:SelectTarget:-:A1|28:PlayTop:root_025:-|29:PlayTop:root_004:-|30:SkipPhase:-:-|31:PlayTop:root_003:-|32:SkipPhase:-:-"
61,Clean,6,20,20,23,0,0,0,0,9,0,42,"SEED:61|0:PlayTop:root_006:-|1:SelectTarget:-:M1|2:PlayTop:root_009:-|3:SelectTarget:-:A1|4:PlayBottom:root_005:-|5:SelectTarget:-:A1|6:PlayTop:root_008:-|7:PlayTop:root_019:-|8:PlayBottom:root_002:-|9:SelectTarget:-:M2|10:PlayTop:root_004:-|11:PlayTop:root_025:-|12:SelectTarget:-:A2|13:PlayBottom:root_007:-|14:Rest:-:A1|15:PlayTop:root_005:-|16:PlayTop:root_025:-|17:SelectTarget:-:I1|18:PlayBottom:root_001:-|19:SelectTarget:-:A1|20:PlayTop:root_019:-|21:PlayTop:root_003:-|22:PlayBottom:root_015:-|23:SelectTarget:-:A1|24:PlayTop:root_008:-|25:PlayTop:root_006:-|26:SelectTarget:-:A2|27:PlayBottom:root_009:-|28:SelectTarget:-:A1|29:PlayTop:root_004:-|30:PlayTop:root_007:-|31:SkipPhase:-:-|32:PlayTop:root_002:-|33:SkipPhase:-:-"
62,Weathered,6,8,20,21,4,3,6,0,11,0,39,"SEED:62|0:PlayTop:root_002:-|1:SelectTarget:-:M1|2:PlayTop:root_019:-|3:PlayBottom:root_025:-|4:SelectTarget:-:A1|5:PlayTop:root_008:-|6:PlayTop:root_005:-|7:PlayBottom:root_006:-|8:SelectTarget:-:A3|9:PlayTop:root_001:-|10:SelectTarget:-:A1|11:PlayTop:root_003:-|12:PlayBottom:root_009:-|13:SelectTarget:-:I1|14:Rest:-:A1|15:PlayTop:root_004:-|16:PlayTop:root_007:-|17:PlayBottom:root_002:-|18:SelectTarget:-:A2|19:PlayTop:root_005:-|20:PlayTop:root_019:-|21:PlayBottom:root_015:-|22:SelectTarget:-:A1|23:PlayTop:root_025:-|24:SelectTarget:-:M1|25:PlayTop:root_001:-|26:SelectTarget:-:A1|27:PlayBottom:root_003:-|28:SkipPhase:-:-|29:SkipPhase:-:-"
63,Weathered,6,20,20,22,0,1,8,0,9,0,40,"SEED:63|0:PlayTop:root_009:-|1:SelectTarget:-:M1|2:PlayTop:root_006:-|3:SelectTarget:-:A1|4:PlayBottom:root_004:-|5:PlayTop:root_008:-|6:PlayTop:root_005:-|7:PlayBottom:root_025:-|8:SelectTarget:-:A1|9:PlayTop:root_019:-|10:PlayTop:root_001:-|11:SelectTarget:-:A1|12:PlayBottom:root_003:-|13:Rest:-:A1|14:PlayTop:root_004:-|15:PlayTop:root_015:-|16:SelectTarget:-:A1|17:PlayBottom:root_009:-|18:SelectTarget:-:A1|19:PlayTop:root_019:-|20:PlayTop:root_002:-|21:SelectTarget:-:A2|22:PlayBottom:root_007:-|23:PlayTop:root_005:-|24:PlayTop:root_001:-|25:SelectTarget:-:A1|26:PlayBottom:root_006:-|27:SelectTarget:-:A3|28:PlayTop:root_008:-|29:PlayTop:root_025:-|30:SkipPhase:-:-|31:PlayTop:root_003:-|32:SkipPhase:-:-"
64,Clean,6,20,20,23,0,0,0,0,8,0,46,"SEED:64|0:PlayTop:root_002:-|1:SelectTarget:-:M1|2:PlayTop:root_006:-|3:SelectTarget:-:A1|4:PlayBottom:root_007:-|5:PlayTop:root_019:-|6:PlayTop:root_004:-|7:PlayBottom:root_001:-|8:SelectTarget:-:A1|9:PlayTop:root_005:-|10:PlayTop:root_008:-|11:PlayBottom:root_025:-|12:SelectTarget:-:I1|13:Rest:-:A1|14:PlayTop:root_004:-|15:PlayTop:root_015:-|16:SelectTarget:-:A1|17:PlayBottom:root_009:-|18:SelectTarget:-:A1|19:PlayTop:root_003:-|20:PlayTop:root_007:-|21:PlayBottom:root_001:-|22:SelectTarget:-:A1|23:PlayTop:root_008:-|24:PlayTop:root_019:-|25:PlayBottom:root_025:-|26:SelectTarget:-:A1|27:PlayTop:root_005:-|28:PlayTop:root_002:-|29:SkipPhase:-:-|30:PlayTop:root_006:-|31:SkipPhase:-:-"
65,Clean,6,8,20,23,0,5,0,0,12,0,36,"SEED:65|0:PlayTop:root_009:-|1:SelectTarget:-:M1|2:PlayTop:root_004:-|3:PlayBottom:root_025:-|4:SelectTarget:-:A1|5:PlayTop:root_005:-|6:PlayTop:root_003:-|7:PlayBottom:root_006:-|8:SelectTarget:-:A3|9:PlayTop:root_008:-|10:PlayTop:root_019:-|11:PlayBottom:root_015:-|12:SelectTarget:-:A1|13:Rest:-:A1|14:PlayTop:root_019:-|15:PlayTop:root_001:-|16:SelectTarget:-:A1|17:PlayBottom:root_002:-|18:SelectTarget:-:A2|19:PlayTop:root_004:-|20:PlayTop:root_007:-|21:PlayBottom:root_009:-|22:SelectTarget:-:M2|23:PlayTop:root_025:-|24:SelectTarget:-:A2|25:PlayTop:root_006:-|26:SelectTarget:-:M1|27:PlayBottom:root_003:-|28:PlayTop:root_008:-|29:PlayTop:root_005:-|30:SkipPhase:-:-|31:PlayTop:root_015:-|32:SkipPhase:-:-"
66,Clean,6,12,20,23,4,3,4,0,11,0,39,"SEED:66|0:PlayTop:root_006:-|1:SelectTarget:-:M1|2:PlayTop:root_019:-|3:PlayBottom:root_025:-|4:SelectTarget:-:A1|5:PlayTop:root_003:-|6:PlayTop:root_001:-|7:SelectTarget:-:A1|8:PlayBottom:root_009:-|9:SelectTarget:-:A2|10:PlayTop:root_008:-|11:PlayTop:root_005:-|12:PlayBottom:root_002:-|13:SelectTarget:-:A2|14:Rest:-:A1|15:PlayTop:root_004:-|16:PlayTop:root_015:-|17:SelectTarget:-:A1|18:PlayBottom:root_009:-|19:SelectTarget:-:A2|20:PlayTop:root_005:-|21:PlayTop:root_007:-|22:PlayBottom:root_006:-|23:SelectTarget:-:A3|24:PlayTop:root_008:-|25:PlayTop:root_019:-|26:PlayBottom:root_025:-|27:SelectTarget:-:A1|28:PlayTop:root_002:-|29:PlayTop:root_003:-|30:SkipPhase:-:-|31:PlayTop:root_001:-|32:SkipPhase:-:-"
67,Clean,6,17,20,23,0,1,9,0,11,0,51,"SEED:67|0:PlayTop:root_009:-|1:SelectTarget:-:M1|2:PlayTop:root_006:-|3:SelectTarget:-:A1|4:PlayBottom:root_004:-|5:PlayTop:root_008:-|6:PlayTop:root_025:-|7:SelectTarget:-:A2|8:PlayBottom:root_007:-|9:PlayTop:root_019:-|10:PlayTop:root_001:-|11:SelectTarget:-:A1|12:PlayBottom:root_003:-|13:Rest:-:A1|14:PlayTop:root_005:-|15:PlayTop:root_019:-|16:PlayBottom:root_004:-|17:PlayTop:root_015:-|18:SelectTarget:-:A1|19:PlayTop:root_002:-|20:SelectTarget:-:A2|21:PlayBottom:root_006:-|22:SelectTarget:-:A3|23:PlayTop:root_025:-|24:SelectTarget:-:M1|25:PlayTop:root_001:-|26:SelectTarget:-:A1|27:PlayBottom:root_009:-|28:SelectTarget:-:A2|29:SkipPhase:-:-|30:SkipPhase:-:-"
68,Clean,6,20,20,23,0,0,6,0,11,0,35,"SEED:68|0:PlayTop:root_009:-|1:SelectTarget:-:M1|2:PlayTop:root_004:-|3:PlayBottom:root_008:-|4:PlayTop:root_006:-|5:SelectTarget:-:A1|6:PlayTop:root_025:-|7:SelectTarget:-:A1|8:PlayBottom:root_003:-|9:PlayTop:root_019:-|10:PlayTop:root_001:-|11:SelectTarget:-:A1|12:PlayBottom:root_002:-|13:SelectTarget:-:A2|14:Rest:-:A1|15:PlayTop:root_005:-|16:PlayTop:root_007:-|17:PlayBottom:root_006:-|18:SelectTarget:-:A3|19:PlayTop:root_008:-|20:PlayTop:root_004:-|21:PlayBottom:root_015:-|22:SelectTarget:-:A1|23:PlayTop:root_019:-|24:PlayTop:root_003:-|25:PlayBottom:root_009:-|26:SelectTarget:-:A1|27:PlayTop:root_025:-|28:PlayTop:root_001:-|29:SkipPhase:-:-|30:PlayTop:root_002:-|31:SkipPhase:-:-"
69,Clean,6,7,20,23,0,4,0,0,11,0,45,"SEED:69|0:PlayTop:root_009:-|1:SelectTarget:-:M1|2:PlayTop:root_019:-|3:PlayBottom:root_025:-|4:SelectTarget:-:A1|5:PlayTop:root_005:-|6:PlayTop:root_001:-|7:SelectTarget:-:A1|8:PlayBottom:root_003:-|9:PlayTop:root_008:-|10:PlayTop:root_004:-|11:PlayBottom:root_006:-|12:SelectTarget:-:A2|13:Rest:-:A1|14:PlayTop:root_008:-|15:PlayTop:root_007:-|16:PlayBottom:root_002:-|17:SelectTarget:-:A3|18:PlayTop:root_025:-|19:SelectTarget:-:A2|20:PlayTop:root_015:-|21:SelectTarget:-:A1|22:PlayBottom:root_009:-|23:SelectTarget:-:A2|24:PlayTop:root_019:-|25:PlayTop:root_005:-|26:PlayBottom:root_004:-|27:PlayTop:root_003:-|28:PlayTop:root_001:-|29:SkipPhase:-:-|30:PlayTop:root_006:-|31:SkipPhase:-:-"
70,Clean,6,20,20,23,0,1,0,0,9,0,48,"SEED:70|0:PlayTop:root_004:-|1:PlayTop:root_019:-|2:PlayBottom:root_005:-|3:SelectTarget:-:A1|4:PlayTop:root_006:-|5:SelectTarget:-:M1|6:PlayTop:root_002:-|7:SelectTarget:-:A1|8:PlayBottom:root_025:-|9:SelectTarget:-:A2|10:PlayTop:root_007:-|11:PlayTop:root_003:-|12:PlayBottom:root_009:-|13:SelectTarget:-:A1|14:Rest:-:A1|15:PlayTop:root_019:-|16:PlayTop:root_001:-|17:SelectTarget:-:A1|18:PlayBottom:root_008:-|19:PlayTop:root_025:-|20:SelectTarget:-:A2|21:PlayTop:root_005:-|22:PlayBottom:root_004:-|23:PlayTop:root_015:-|24:SelectTarget:-:A1|25:PlayTop:root_007:-|26:PlayBottom:root_002:-|27:SelectTarget:-:A2|28:PlayTop:root_003:-|29:PlayTop:root_006:-|30:SkipPhase:-:-|31:PlayTop:root_009:-|32:SkipPhase:-:-"
71,Clean,6,14,20,23,0,3,8,0,11,0,37,"SEED:71|0:PlayTop:root_008:-|1:PlayTop:root_004:-|2:PlayBottom:root_025:-|3:SelectTarget:-:A1|4:PlayTop:root_009:-|5:SelectTarget:-:A1|6:PlayTop:root_005:-|7:PlayBottom:root_007:-|8:PlayTop:root_019:-|9:PlayTop:root_003:-|10:PlayBottom:root_001:-|11:SelectTarget:-:A1|12:Rest:-:A1|13:PlayTop:root_002:-|14:SelectTarget:-:A2|15:PlayTop:root_015:-|16:SelectTarget:-:A1|17:PlayBottom:root_006:-|18:SelectTarget:-:A3|19:PlayTop:root_005:-|20:PlayTop:root_003:-|21:PlayTop:root_008:-|22:PlayTop:root_019:-|23:PlayBottom:root_025:-|24:SelectTarget:-:A2|25:PlayTop:root_004:-|26:PlayTop:root_007:-|27:SkipPhase:-:-|28:PlayTop:root_001:-|29:PlayTop:root_009:-|30:SkipPhase:-:-"
72,Clean,6,18,20,23,4,1,6,0,10,0,48,"SEED:72|0:PlayTop:root_009:-|1:SelectTarget:-:M1|2:PlayTop:root_006:-|3:SelectTarget:-:A1|4:PlayBottom:root_005:-|5:SelectTarget:-:A1|6:PlayTop:root_004:-|7:PlayTop:root_025:-|8:SelectTarget:-:A2|9:PlayBottom:root_015:-|10:SelectTarget:-:A1|11:PlayTop:root_019:-|12:PlayTop:root_008:-|13:PlayBottom:root_001:-|14:SelectTarget:-:A3|15:Rest:-:A1|16:PlayTop:root_003:-|17:PlayTop:root_007:-|18:PlayBottom:root_002:-|19:SelectTarget:-:A2|20:PlayTop:root_019:-|21:PlayTop:root_008:-|22:PlayBottom:root_025:-|23:SelectTarget:-:I1|24:PlayTop:root_004:-|25:PlayTop:root_006:-|26:SelectTarget:-:A3|27:PlayBottom:root_009:-|28:SelectTarget:-:A1|29:PlayTop:root_005:-|30:PlayTop:root_001:-|31:SkipPhase:-:-|32:PlayTop:root_015:-|33:SkipPhase:-:-"
73,Clean,6,20,20,23,0,0,0,0,9,0,41,"SEED:73|0:PlayTop:root_002:-|1:SelectTarget:-:M1|2:PlayTop:root_009:-|3:SelectTarget:-:A1|4:PlayBottom:root_008:-|5:PlayTop:root_019:-|6:PlayTop:root_004:-|7:PlayBottom:root_015:-|8:SelectTarget:-:A1|9:PlayTop:root_005:-|10:PlayTop:root_003:-|11:PlayBottom:root_006:-|12:SelectTarget:-:A1|13:Rest:-:A1|14:PlayTop:root_004:-|15:PlayTop:root_025:-|16:SelectTarget:-:I1|17:PlayBottom:root_001:-|18:SelectTarget:-:A1|19:PlayTop:root_005:-|20:PlayTop:root_019:-|21:PlayBottom:root_007:-|22:PlayTop:root_009:-|23:SelectTarget:-:A2|24:PlayTop:root_003:-|25:PlayTop:root_002:-|26:SkipPhase:-:-|27:SkipPhase:-:-"
74,Clean,6,5,20,23,0,5,0,0,10,0,41,"SEED:74|0:PlayTop:root_006:-|1:SelectTarget:-:M1|2:PlayTop:root_005:-|3:PlayBottom:root_025:-|4:SelectTarget:-:A2|5:PlayTop:root_019:-|6:PlayTop:root_004:-|7:PlayBottom:root_002:-|8:SelectTarget:-:A3|9:PlayTop:root_008:-|10:PlayTop:root_001:-|11:SelectTarget:-:A1|12:PlayBottom:root_003:-|13:Rest:-:A1|14:PlayTop:root_019:-|15:PlayTop:root_015:-|16:SelectTarget:-:A1|17:PlayBottom:root_009:-|18:SelectTarget:-:I1|19:PlayTop:root_004:-|20:PlayTop:root_007:-|21:PlayBottom:root_006:-|22:SelectTarget:-:A2|23:PlayTop:root_005:-|24:PlayTop:root_025:-|25:SelectTarget:-:M1|26:PlayBottom:root_001:-|27:SelectTarget:-:A1|28:PlayTop:root_008:-|29:PlayTop:root_002:-|30:SkipPhase:-:-|31:PlayTop:root_003:-|32:SkipPhase:-:-"
75,Clean,6,20,20,23,0,0,0,0,10,0,42,"SEED:75|0:PlayTop:root_002:-|1:SelectTarget:-:M1|2:PlayTop:root_006:-|3:SelectTarget:-:A1|4:PlayBottom:root_025:-|5:SelectTarget:-:A1|6:PlayTop:root_008:-|7:PlayTop:root_004:-|8:PlayBottom:root_015:-|9:SelectTarget:-:A1|10:PlayTop:root_019:-|11:PlayTop:root_001:-|12:SelectTarget:-:A1|13:PlayBottom:root_009:-|14:SelectTarget:-:I1|15:Rest:-:A1|16:PlayTop:root_005:-|17:PlayTop:root_007:-|18:PlayBottom:root_006:-|19:SelectTarget:-:A2|20:PlayTop:root_004:-|21:PlayTop:root_003:-|22:PlayBottom:root_001:-|23:SelectTarget:-:A1|24:PlayTop:root_008:-|25:PlayTop:root_019:-|26:PlayBottom:root_009:-|27:SelectTarget:-:M1|28:PlayTop:root_025:-|29:PlayTop:root_015:-|30:SkipPhase:-:-|31:PlayTop:root_002:-|32:SkipPhase:-:-"
76,Clean,6,20,20,23,0,0,6,0,8,0,43,"SEED:76|0:PlayTop:root_006:-|1:SelectTarget:-:M1|2:PlayTop:root_002:-|3:SelectTarget:-:A1|4:PlayBottom:root_009:-|5:SelectTarget:-:A1|6:PlayTop:root_008:-|7:PlayTop:root_005:-|8:PlayBottom:root_007:-|9:PlayTop:root_019:-|10:PlayTop:root_025:-|11:SelectTarget:-:A3|12:PlayBottom:root_003:-|13:Rest:-:A1|14:PlayTop:root_004:-|15:PlayTop:root_019:-|16:PlayBottom:root_008:-|17:PlayTop:root_025:-|18:SelectTarget:-:I1|19:PlayTop:root_015:-|20:SelectTarget:-:A1|21:PlayBottom:root_009:-|22:SelectTarget:-:A1|23:PlayTop:root_001:-|24:SelectTarget:-:A1|25:PlayTop:root_007:-|26:PlayBottom:root_006:-|27:SelectTarget:-:A2|28:PlayTop:root_005:-|29:PlayTop:root_002:-|30:SkipPhase:-:-|31:PlayTop:root_003:-|32:SkipPhase:-:-"
77,Clean,6,20,20,23,0,0,5,0,10,0,42,"SEED:77|0:PlayTop:root_006:-|1:SelectTarget:-:M1|2:PlayTop:root_009:-|3:SelectTarget:-:A1|4:PlayBottom:root_005:-|5:SelectTarget:-:A2|6:PlayTop:root_019:-|7:PlayTop:root_008:-|8:PlayBottom:root_025:-|9:SelectTarget:-:A3|10:PlayTop:root_004:-|11:PlayTop:root_003:-|12:PlayBottom:root_001:-|13:SelectTarget:-:A1|14:Rest:-:A1|15:PlayTop:root_004:-|16:PlayTop:root_007:-|17:PlayBottom:root_002:-|18:SelectTarget:-:A2|19:PlayTop:root_015:-|20:SelectTarget:-:A1|21:PlayTop:root_006:-|22:SelectTarget:-:A3|23:PlayBottom:root_009:-|24:SelectTarget:-:M1|25:PlayTop:root_008:-|26:PlayTop:root_019:-|27:PlayBottom:root_025:-|28:SelectTarget:-:A1|29:PlayTop:root_005:-|30:PlayTop:root_001:-|31:SkipPhase:-:-|32:PlayTop:root_003:-|33:SkipPhase:-:-"
78,Clean,6,20,20,23,0,0,0,0,9,0,46,"SEED:78|0:PlayTop:root_006:-|1:SelectTarget:-:M1|2:PlayTop:root_002:-|3:SelectTarget:-:A1|4:PlayBottom:root_004:-|5:PlayTop:root_008:-|6:PlayTop:root_019:-|7:PlayBottom:root_025:-|8:SelectTarget:-:A2|9:PlayTop:root_005:-|10:PlayTop:root_003:-|11:PlayBottom:root_009:-|12:SelectTarget:-:I1|13:Rest:-:A1|14:PlayTop:root_007:-|15:PlayTop:root_001:-|16:SelectTarget:-:A1|17:PlayBottom:root_002:-|18:SelectTarget:-:A2|19:PlayTop:root_004:-|20:PlayTop:root_008:-|21:PlayBottom:root_009:-|22:SelectTarget:-:M1|23:PlayTop:root_019:-|24:PlayTop:root_025:-|25:SelectTarget:-:A2|26:PlayBottom:root_006:-|27:SelectTarget:-:A3|28:PlayTop:root_005:-|29:PlayTop:root_015:-|30:SkipPhase:-:-|31:PlayTop:root_003:-|32:SkipPhase:-:-"
79,Clean,6,20,20,23,0,0,0,0,10,0,34,"SEED:79|0:PlayTop:root_019:-|1:PlayTop:root_004:-|2:PlayBottom:root_025:-|3:SelectTarget:-:A1|4:PlayTop:root_002:-|5:SelectTarget:-:A1|6:PlayTop:root_005:-|7:PlayBottom:root_015:-|8:SelectTarget:-:A1|9:PlayTop:root_008:-|10:PlayTop:root_007:-|11:PlayBottom:root_009:-|12:SelectTarget:-:I1|13:Rest:-:A1|14:PlayTop:root_025:-|15:SelectTarget:-:A2|16:PlayTop:root_001:-|17:SelectTarget:-:A1|18:PlayBottom:root_006:-|19:SelectTarget:-:A2|20:PlayTop:root_004:-|21:PlayTop:root_008:-|22:PlayBottom:root_009:-|23:SelectTarget:-:M1|24:PlayTop:root_005:-|25:PlayTop:root_003:-|26:PlayBottom:root_002:-|27:SelectTarget:-:A3|28:PlayTop:root_019:-|29:PlayTop:root_007:-|30:SkipPhase:-:-|31:PlayTop:root_015:-|32:SkipPhase:-:-"
80,Clean,6,20,20,23,0,0,8,0,9,0,45,"SEED:80|0:PlayTop:root_006:-|1:SelectTarget:-:M1|2:PlayTop:root_004:-|3:PlayBottom:root_007:-|4:PlayTop:root_019:-|5:PlayTop:root_005:-|6:PlayBottom:root_008:-|7:PlayTop:root_025:-|8:SelectTarget:-:A2|9:PlayTop:root_003:-|10:PlayBottom:root_009:-|11:SelectTarget:-:A1|12:Rest:-:A1|13:PlayTop:root_005:-|14:PlayTop:root_019:-|15:PlayBottom:root_002:-|16:SelectTarget:-:A2|17:PlayTop:root_015:-|18:SelectTarget:-:A1|19:PlayTop:root_001:-|20:SelectTarget:-:A1|21:PlayBottom:root_003:-|22:PlayTop:root_025:-|23:SelectTarget:-:A2|24:PlayTop:root_007:-|25:PlayBottom:root_006:-|26:SelectTarget:-:A3|27:PlayTop:root_004:-|28:SkipPhase:-:-|29:SkipPhase:-:-"
81,Clean,6,11,20,23,4,4,6,0,12,0,47,"SEED:81|0:PlayTop:root_004:-|1:PlayTop:root_008:-|2:PlayBottom:root_001:-|3:SelectTarget:-:A1|4:PlayTop:root_002:-|5:SelectTarget:-:M1|6:PlayTop:root_019:-|7:PlayBottom:root_007:-|8:PlayTop:root_005:-|9:PlayTop:root_025:-|10:SelectTarget:-:A1|11:PlayBottom:root_006:-|12:SelectTarget:-:M2|13:Rest:-:A1|14:PlayTop:root_019:-|15:PlayTop:root_015:-|16:SelectTarget:-:A1|17:PlayBottom:root_009:-|18:SelectTarget:-:M1|19:PlayTop:root_008:-|20:PlayTop:root_003:-|21:PlayBottom:root_006:-|22:SelectTarget:-:A2|23:PlayTop:root_005:-|24:PlayTop:root_025:-|25:SelectTarget:-:M1|26:PlayBottom:root_002:-|27:SelectTarget:-:A3|28:PlayTop:root_004:-|29:PlayTop:root_001:-|30:SkipPhase:-:-|31:PlayTop:root_007:-|32:SkipPhase:-:-"
82,Clean,6,20,20,23,0,0,0,0,10,0,43,"SEED:82|0:PlayTop:root_002:-|1:SelectTarget:-:M1|2:PlayTop:root_007:-|3:PlayBottom:root_025:-|4:SelectTarget:-:A1|5:PlayTop:root_008:-|6:PlayTop:root_004:-|7:PlayBottom:root_001:-|8:SelectTarget:-:A1|9:PlayTop:root_019:-|10:PlayTop:root_005:-|11:PlayBottom:root_009:-|12:SelectTarget:-:I1|13:Rest:-:A1|14:PlayTop:root_019:-|15:PlayTop:root_015:-|16:SelectTarget:-:A1|17:PlayBottom:root_006:-|18:SelectTarget:-:A2|19:PlayTop:root_004:-|20:PlayTop:root_005:-|21:PlayBottom:root_003:-|22:PlayTop:root_007:-|23:PlayTop:root_008:-|24:PlayBottom:root_009:-|25:SelectTarget:-:A2|26:PlayTop:root_025:-|27:PlayTop:root_002:-|28:SkipPhase:-:-|29:PlayTop:root_001:-|30:SkipPhase:-:-"
83,Clean,6,20,20,23,0,0,0,0,9,0,41,"SEED:83|0:PlayTop:root_002:-|1:SelectTarget:-:M1|2:PlayTop:root_006:-|3:SelectTarget:-:A1|4:PlayBottom:root_008:-|5:PlayTop:root_019:-|6:PlayTop:root_025:-|7:SelectTarget:-:A1|8:PlayBottom:root_003:-|9:PlayTop:root_005:-|10:PlayTop:root_004:-|11:PlayBottom:root_009:-|12:SelectTarget:-:I1|13:Rest:-:A1|14:PlayTop:root_001:-|15:SelectTarget:-:A1|16:PlayTop:root_007:-|17:PlayBottom:root_002:-|18:SelectTarget:-:A2|19:PlayTop:root_004:-|20:PlayTop:root_025:-|21:SelectTarget:-:A3|22:PlayBottom:root_015:-|23:SelectTarget:-:A1|24:PlayTop:root_005:-|25:PlayTop:root_008:-|26:PlayBottom:root_009:-|27:SelectTarget:-:M1|28:PlayTop:root_019:-|29:PlayTop:root_006:-|30:SkipPhase:-:-|31:PlayTop:root_003:-|32:SkipPhase:-:-"
84,Weathered,6,20,20,22,0,1,0,0,11,0,45,"SEED:84|0:PlayTop:root_006:-|1:SelectTarget:-:M1|2:PlayTop:root_002:-|3:SelectTarget:-:A1|4:PlayBottom:root_005:-|5:SelectTarget:-:A2|6:PlayTop:root_008:-|7:PlayTop:root_004:-|8:PlayBottom:root_025:-|9:SelectTarget:-:A3|10:PlayTop:root_019:-|11:PlayTop:root_007:-|12:PlayBottom:root_009:-|13:SelectTarget:-:A2|14:Rest:-:A1|15:PlayTop:root_004:-|16:PlayTop:root_003:-|17:PlayBottom:root_002:-|18:SelectTarget:-:A2|19:PlayTop:root_019:-|20:PlayTop:root_001:-|21:SelectTarget:-:A1|22:PlayBottom:root_006:-|23:SelectTarget:-:A3|24:PlayTop:root_015:-|25:SelectTarget:-:A1|26:PlayTop:root_007:-|27:PlayTop:root_008:-|28:PlayTop:root_005:-|29:SkipPhase:-:-|30:PlayTop:root_025:-|31:PlayTop:root_009:-|32:SkipPhase:-:-"
85,Clean,6,20,20,23,2,0,4,0,11,0,50,"SEED:85|0:PlayTop:root_002:-|1:SelectTarget:-:M1|2:PlayTop:root_009:-|3:SelectTarget:-:A1|4:PlayBottom:root_005:-|5:SelectTarget:-:A1|6:PlayTop:root_019:-|7:PlayTop:root_007:-|8:PlayBottom:root_006:-|9:SelectTarget:-:M2|10:PlayTop:root_004:-|11:PlayTop:root_025:-|12:SelectTarget:-:A2|13:PlayBottom:root_015:-|14:SelectTarget:-:A1|15:Rest:-:A1|16:PlayTop:root_008:-|17:PlayTop:root_004:-|18:PlayBottom:root_005:-|19:SelectTarget:-:A1|20:PlayTop:root_001:-|21:SelectTarget:-:A1|22:PlayTop:root_003:-|23:PlayBottom:root_006:-|24:SelectTarget:-:A2|25:PlayTop:root_019:-|26:PlayTop:root_015:-|27:SelectTarget:-:A1|28:PlayBottom:root_009:-|29:SelectTarget:-:A2|30:PlayTop:root_025:-|31:PlayTop:root_002:-|32:SkipPhase:-:-|33:PlayTop:root_007:-|34:SkipPhase:-:-"
86,Clean,6,15,20,23,0,2,8,0,11,0,47,"SEED:86|0:PlayTop:root_009:-|1:SelectTarget:-:M1|2:PlayTop:root_008:-|3:PlayBottom:root_025:-|4:SelectTarget:-:A1|5:PlayTop:root_005:-|6:PlayTop:root_001:-|7:SelectTarget:-:A1|8:PlayBottom:root_006:-|9:SelectTarget:-:A3|10:PlayTop:root_004:-|11:PlayTop:root_015:-|12:SelectTarget:-:A1|13:PlayBottom:root_003:-|14:Rest:-:A1|15:PlayTop:root_019:-|16:PlayTop:root_008:-|17:PlayBottom:root_004:-|18:PlayTop:root_005:-|19:PlayTop:root_007:-|20:PlayBottom:root_009:-|21:SelectTarget:-:M1|22:PlayTop:root_025:-|23:SelectTarget:-:A1|24:PlayTop:root_002:-|25:SelectTarget:-:A2|26:PlayBottom:root_006:-|27:SelectTarget:-:M1|28:PlayTop:root_001:-|29:PlayTop:root_015:-|30:SkipPhase:-:-|31:PlayTop:root_003:-|32:SkipPhase:-:-"
87,Clean,6,20,20,23,0,0,0,0,9,0,40,"SEED:87|0:PlayTop:root_006:-|1:SelectTarget:-:M1|2:PlayTop:root_002:-|3:SelectTarget:-:A1|4:PlayBottom:root_004:-|5:PlayTop:root_005:-|6:PlayTop:root_025:-|7:SelectTarget:-:A2|8:PlayBottom:root_003:-|9:PlayTop:root_019:-|10:PlayTop:root_015:-|11:SelectTarget:-:A1|12:PlayBottom:root_009:-|13:SelectTarget:-:I1|14:Rest:-:A1|15:PlayTop:root_008:-|16:PlayTop:root_001:-|17:SelectTarget:-:A1|18:PlayBottom:root_002:-|19:SelectTarget:-:A2|20:PlayTop:root_004:-|21:PlayTop:root_019:-|22:PlayBottom:root_009:-|23:SelectTarget:-:M1|24:PlayTop:root_005:-|25:PlayTop:root_025:-|26:SelectTarget:-:A1|27:PlayBottom:root_007:-|28:PlayTop:root_003:-|29:PlayTop:root_015:-|30:SkipPhase:-:-|31:PlayTop:root_006:-|32:SkipPhase:-:-"
88,Clean,6,14,20,23,0,2,0,0,9,0,49,"SEED:88|0:PlayTop:root_009:-|1:SelectTarget:-:M1|2:PlayTop:root_008:-|3:PlayBottom:root_004:-|4:PlayTop:root_006:-|5:SelectTarget:-:A1|6:PlayTop:root_019:-|7:PlayBottom:root_025:-|8:SelectTarget:-:A2|9:PlayTop:root_005:-|10:PlayTop:root_003:-|11:PlayBottom:root_015:-|12:SelectTarget:-:A1|13:Rest:-:A1|14:PlayTop:root_005:-|15:PlayTop:root_007:-|16:PlayBottom:root_002:-|17:SelectTarget:-:A2|18:PlayTop:root_008:-|19:PlayTop:root_025:-|20:SelectTarget:-:A3|21:PlayBottom:root_009:-|22:SelectTarget:-:A1|23:PlayTop:root_004:-|24:PlayTop:root_019:-|25:PlayBottom:root_006:-|26:SelectTarget:-:A3|27:PlayTop:root_001:-|28:PlayTop:root_003:-|29:SkipPhase:-:-|30:PlayTop:root_015:-|31:SkipPhase:-:-"
89,Clean,6,20,20,23,0,0,8,0,11,0,42,"SEED:89|0:PlayTop:root_005:-|1:PlayTop:root_004:-|2:PlayBottom:root_025:-|3:SelectTarget:-:A1|4:PlayTop:root_009:-|5:SelectTarget:-:A1|6:PlayTop:root_019:-|7:PlayBottom:root_003:-|8:PlayTop:root_008:-|9:PlayTop:root_015:-|10:SelectTarget:-:A1|11:PlayBottom:root_001:-|12:SelectTarget:-:A3|13:Rest:-:A1|14:PlayTop:root_008:-|15:PlayTop:root_019:-|16:PlayBottom:root_006:-|17:SelectTarget:-:A2|18:PlayTop:root_005:-|19:PlayTop:root_004:-|20:PlayBottom:root_002:-|21:SelectTarget:-:A3|22:PlayTop:root_025:-|23:SelectTarget:-:A2|24:PlayTop:root_007:-|25:PlayBottom:root_015:-|26:SelectTarget:-:A1|27:PlayTop:root_001:-|28:PlayTop:root_003:-|29:SkipPhase:-:-|30:PlayTop:root_009:-|31:SkipPhase:-:-"
90,Weathered,6,20,20,22,0,1,9,0,10,0,37,"SEED:90|0:PlayTop:root_009:-|1:SelectTarget:-:M1|2:PlayTop:root_019:-|3:PlayBottom:root_025:-|4:SelectTarget:-:A2|5:PlayTop:root_008:-|6:PlayTop:root_003:-|7:PlayBottom:root_002:-|8:SelectTarget:-:A3|9:PlayTop:root_005:-|10:PlayTop:root_007:-|11:PlayBottom:root_001:-|12:SelectTarget:-:A2|13:Rest:-:A1|14:PlayTop:root_004:-|15:PlayTop:root_019:-|16:PlayBottom:root_005:-|17:SelectTarget:-:A1|18:PlayTop:root_015:-|19:SelectTarget:-:A1|20:PlayTop:root_006:-|21:SelectTarget:-:A2|22:PlayBottom:root_007:-|23:PlayTop:root_003:-|24:PlayTop:root_009:-|25:SelectTarget:-:A3|26:PlayTop:root_008:-|27:PlayTop:root_025:-|28:SkipPhase:-:-|29:PlayTop:root_001:-|30:PlayTop:root_002:-|31:SkipPhase:-:-"
91,Weathered,6,20,20,22,4,0,6,0,9,0,47,"SEED:91|0:PlayTop:root_006:-|1:SelectTarget:-:M1|2:PlayTop:root_009:-|3:SelectTarget:-:A1|4:PlayBottom:root_004:-|5:PlayTop:root_019:-|6:PlayTop:root_005:-|7:PlayBottom:root_003:-|8:PlayTop:root_008:-|9:PlayTop:root_025:-|10:SelectTarget:-:A1|11:PlayBottom:root_001:-|12:SelectTarget:-:A1|13:Rest:-:A1|14:PlayTop:root_025:-|15:SelectTarget:-:I1|16:PlayTop:root_007:-|17:PlayBottom:root_002:-|18:SelectTarget:-:A2|19:PlayTop:root_005:-|20:PlayTop:root_015:-|21:SelectTarget:-:A1|22:PlayBottom:root_009:-|23:SelectTarget:-:I1|24:PlayTop:root_008:-|25:PlayTop:root_004:-|26:PlayBottom:root_006:-|27:SelectTarget:-:A3|28:PlayTop:root_019:-|29:PlayTop:root_003:-|30:SkipPhase:-:-|31:PlayTop:root_001:-|32:SkipPhase:-:-"
